No.,Time,Source,Destination,Protocol,Length,Seq,Ack,Win,Len
16,0.203125,"81.131.67.131","142.68.189.57","TCP",54,1,117,8866,0
18,0.328125,"210.146.64.4","81.131.67.131","TCP",1514,1,1,6432,1460
21,0.328125,"81.131.67.131","210.146.64.4","TCP",54,1,1461,8760,0
27,0.515625,"38.115.4.204","81.131.67.131","TCP",836,1,1,64611,782
29,0.515625,"81.131.67.131","38.115.4.204","TCP",54,9,783,8760,0
31,0.578125,"38.115.4.204","81.131.67.131","TCP",54,783,9,64603,0
32,0.578125,"81.131.67.131","38.115.4.204","TCP",62,9,783,8760,8
36,0.75,"81.131.67.131","70.27.127.185","TCP",54,1,82,8109,0
37,0.859375,"210.146.64.4","81.131.67.131","TCP",1514,1461,1,6432,1460
38,0.859375,"24.11.146.28","81.131.67.131","TCP",54,1,1,65311,0
39,0.859375,"81.131.67.131","24.11.146.28","TCP",62,1,4294965611,10164,8
41,0.875,"81.131.67.131","210.146.64.4","TCP",54,1,2921,8760,0
42,1.15625,"210.146.64.4","81.131.67.131","TCP",1514,2921,1,6432,1460
43,1.15625,"81.131.67.131","210.146.64.4","TCP",54,1,4381,8760,0
47,1.453125,"210.146.64.4","81.131.67.131","TCP",1514,4381,1,6432,1460
48,1.453125,"81.131.67.131","210.146.64.4","TCP",54,1,5841,8760,0
49,1.734375,"210.146.64.4","81.131.67.131","TCP",1514,5841,1,6432,1460
50,1.734375,"68.34.169.230","81.131.67.131","TCP",79,1,1,64285,25
51,1.734375,"81.131.67.131","210.146.64.4","TCP",54,1,7301,8760,0
53,1.796875,"211.28.6.30","81.131.67.131","TCP",138,1,1,7465,84
54,1.796875,"81.131.67.131","211.28.6.30","TCP",54,1,85,8760,0
56,1.953125,"81.131.67.131","68.34.169.230","TCP",54,1,26,8604,0
57,2.078125,"210.146.64.4","81.131.67.131","TCP",1514,7301,1,6432,1460
59,2.078125,"81.131.67.131","210.146.64.4","TCP",54,1,8761,8760,0
63,2.28125,"81.131.67.131","142.68.189.57","TCP",54,1,182,8801,0
68,2.390625,"210.146.64.4","81.131.67.131","TCP",1514,8761,1,6432,1460
69,2.390625,"81.131.67.131","210.146.64.4","TCP",54,1,10221,8760,0
72,2.484375,"38.115.4.204","81.131.67.131","TCP",459,783,9,64603,405
73,2.515625,"38.115.4.204","81.131.67.131","TCP",120,1188,17,64595,66
74,2.515625,"81.131.67.131","38.115.4.204","TCP",62,17,1254,8289,8
76,2.546875,"213.19.160.190","81.131.67.131","TCP",54,1,1,6432,0
77,2.546875,"81.131.67.131","213.19.160.190","TCP",54,1,2,8760,0
78,2.71875,"81.131.67.131","70.27.127.185","TCP",54,1,106,8085,0
79,2.828125,"210.146.64.4","81.131.67.131","TCP",1514,10221,1,6432,1460
80,2.828125,"81.131.67.131","210.146.64.4","TCP",54,1,11681,8760,0
81,2.890625,"81.131.67.131","213.19.160.190","TCP",54,1,0,0
82,2.890625,"24.11.146.28","81.131.67.131","TCP",372,1,9,65303,318
83,2.890625,"81.131.67.131","24.11.146.28","TCP",66,9,4294965611,10164,0
84,3.15625,"210.146.64.4","81.131.67.131","TCP",1514,11681,1,6432,1460
85,3.15625,"81.131.67.131","210.146.64.4","TCP",54,1,13141,8760,0
97,3.46875,"210.146.64.4","81.131.67.131","TCP",1514,13141,1,6432,1460
102,3.515625,"81.131.67.131","210.146.64.4","TCP",54,1,14601,8760,0
104,3.765625,"210.146.64.4","81.131.67.131","TCP",1514,14601,1,6432,1460
105,3.765625,"81.131.67.131","210.146.64.4","TCP",54,1,16061,8760,0
106,4.046875,"210.146.64.4","81.131.67.131","TCP",1514,16061,1,6432,1460
108,4.046875,"81.131.67.131","210.146.64.4","TCP",54,1,17521,8760,0
110,4.25,"81.131.67.131","70.27.127.185","TCP",54,1,141,8050,0
111,4.359375,"210.146.64.4","81.131.67.131","TCP",1514,17521,1,6432,1460
113,4.359375,"81.131.67.131","210.146.64.4","TCP",54,1,18981,8760,0
116,4.65625,"210.146.64.4","81.131.67.131","TCP",1514,18981,1,6432,1460
117,4.65625,"81.131.67.131","210.146.64.4","TCP",54,1,20441,8760,0
118,4.9375,"211.28.6.30","81.131.67.131","TCP",1514,85,1,7465,1460
119,4.9375,"81.131.67.131","211.28.6.30","TCP",54,1,1545,8760,0
120,5.25293,"210.146.64.4","81.131.67.131","TCP",1514,20441,1,6432,1460
121,5.25293,"81.131.67.131","210.146.64.4","TCP",54,1,21901,8760,0
122,5.541993,"24.11.146.28","81.131.67.131","TCP",1506,4294965611,9,65303,1452
125,5.541993,"81.131.67.131","24.11.146.28","TCP",66,9,4294967063,10164,0
137,5.6875,"81.131.67.131","24.11.146.28","TCP",65,9,4294967063,10164,11
139,5.828125,"211.28.6.30","81.131.67.131","TCP",1514,1545,1,7465,1460
140,5.828125,"81.131.67.131","211.28.6.30","TCP",54,1,3005,8760,0
141,5.84375,"81.131.67.131","38.115.4.204","TCP",465,17,1254,8289,411
143,6.109375,"210.146.64.4","81.131.67.131","TCP",1514,21901,1,6432,1460
145,6.109375,"81.131.67.131","210.146.64.4","TCP",54,1,23361,8760,0
146,6.40625,"210.146.64.4","81.131.67.131","TCP",1514,23361,1,6432,1460
147,6.40625,"81.131.67.131","210.146.64.4","TCP",54,1,24821,8760,0
149,6.421875,"81.131.67.131","212.195.108.125","TCP",66,435,1,9465,0
157,6.703125,"210.146.64.4","81.131.67.131","TCP",1514,24821,1,6432,1460
162,6.75,"81.131.67.131","210.146.64.4","TCP",54,1,26281,8760,0
165,6.984375,"38.115.4.204","81.131.67.131","TCP",1514,783,17,64595,1460
166,6.984375,"81.131.67.131","38.115.4.204","TCP",63,428,2243,7300,9
167,7.0,"81.131.67.131","38.115.4.204","TCP",54,437,2243,8760,0
168,7.28125,"210.146.64.4","81.131.67.131","TCP",1514,26281,1,6432,1460
169,7.28125,"81.131.67.131","210.146.64.4","TCP",54,1,27741,8760,0
174,7.484375,"81.131.67.131","142.68.189.57","TCP",54,1,217,8766,0
175,7.625,"210.146.64.4","81.131.67.131","TCP",1514,27741,1,6432,1460
176,7.625,"81.131.67.131","210.146.64.4","TCP",54,1,29201,8760,0
178,7.890625,"210.146.64.4","81.131.67.131","TCP",1514,29201,1,6432,1460
179,7.890625,"81.131.67.131","210.146.64.4","TCP",54,1,30661,8760,0
180,8.0,"24.11.146.28","81.131.67.131","TCP",606,4294967063,9,65303,552
183,8.140625,"81.131.67.131","24.11.146.28","TCP",54,20,319,9612,0
184,8.140625,"38.115.4.204","81.131.67.131","TCP",574,2243,428,64184,520
186,8.140625,"81.131.67.131","38.115.4.204","TCP",63,437,2763,8240,9
188,8.4375,"210.146.64.4","81.131.67.131","TCP",1514,30661,1,6432,1460
189,8.4375,"68.34.169.230","81.131.67.131","TCP",92,26,1,64285,38
190,8.4375,"81.131.67.131","210.146.64.4","TCP",54,1,32121,8760,0
191,8.578125,"81.131.67.131","68.34.169.230","TCP",54,1,64,8566,0
192,8.71875,"210.146.64.4","81.131.67.131","TCP",1514,32121,1,6432,1460
193,8.71875,"81.131.67.131","210.146.64.4","TCP",54,1,33581,8760,0
201,8.8125,"81.131.67.131","213.19.160.190","TCP",62,0,8760,0,1460
204,9.046875,"210.146.64.4","81.131.67.131","TCP",1514,33581,1,6432,1460
205,9.046875,"81.131.67.131","210.146.64.4","TCP",54,1,35041,8760,0
209,9.359375,"210.146.64.4","81.131.67.131","TCP",1514,35041,1,6432,1460
210,9.359375,"81.131.67.131","210.146.64.4","TCP",54,1,36501,8760,0
211,9.640625,"211.28.6.30","81.131.67.131","TCP",1514,3005,1,7465,1460
212,9.640625,"81.131.67.131","211.28.6.30","TCP",54,1,4465,8760,0
217,9.890625,"81.131.67.131","142.68.189.57","TCP",54,1,243,8740,0
218,9.953125,"210.146.64.4","81.131.67.131","TCP",1514,36501,1,6432,1460
220,9.953125,"81.131.67.131","210.146.64.4","TCP",54,1,37961,8760,0
224,10.265625,"210.146.64.4","81.131.67.131","TCP",1514,37961,1,6432,1460
225,10.265625,"81.131.67.131","210.146.64.4","TCP",54,1,39421,8760,0
227,10.28125,"68.34.169.230","81.131.67.131","TCP",75,64,1,64285,21
228,10.28125,"81.131.67.131","68.34.169.230","TCP",78,1,85,8545,24
229,10.578125,"210.146.64.4","81.131.67.131","TCP",1514,39421,1,6432,1460
231,10.578125,"81.131.67.131","210.146.64.4","TCP",54,1,40881,8760,0
232,10.859375,"210.146.64.4","81.131.67.131","TCP",1514,40881,1,6432,1460
233,10.859375,"81.131.67.131","210.146.64.4","TCP",54,1,42341,8760,0
234,10.890625,"213.19.160.190","81.131.67.131","TCP",62,0,1,5840,0
235,10.890625,"81.131.67.131","213.19.160.190","TCP",54,1,1,8760,0
240,11.203125,"210.146.64.4","81.131.67.131","TCP",1514,42341,1,6432,1460
241,11.203125,"81.131.67.131","210.146.64.4","TCP",54,1,43801,8760,0
242,11.421875,"81.131.67.131","38.115.4.204","TCP",80,428,2763,8240,26
243,11.5,"210.146.64.4","81.131.67.131","TCP",1514,43801,1,6432,1460
244,11.5,"81.131.67.131","210.146.64.4","TCP",54,1,45261,8760,0
247,11.8125,"38.115.4.204","81.131.67.131","TCP",1514,1254,428,64184,1460
248,11.8125,"81.131.67.131","38.115.4.204","TCP",54,454,2763,8240,0
250,11.9375,"81.131.67.131","212.195.108.125","TCP",63,435,1,9465,9
251,12.078125,"210.146.64.4","81.131.67.131","TCP",1514,45261,1,6432,1460
252,12.078125,"81.131.67.131","210.146.64.4","TCP",54,1,46721,8760,0
253,12.359375,"210.146.64.4","81.131.67.131","TCP",1514,46721,1,6432,1460
254,12.359375,"81.131.67.131","210.146.64.4","TCP",54,1,48181,8760,0
255,12.375,"68.34.169.230","81.131.67.131","TCP",54,85,25,64261,0
259,12.515625,"81.131.67.131","70.27.127.185","TCP",54,1,176,8015,0
260,12.6875,"210.146.64.4","81.131.67.131","TCP",1514,48181,1,6432,1460
262,12.6875,"81.131.67.131","210.146.64.4","TCP",54,1,49641,8760,0
264,13.016602,"211.28.6.30","81.131.67.131","TCP",1514,4465,1,7465,1460
265,13.032227,"81.131.67.131","211.28.6.30","TCP",54,1,5925,8760,0
268,13.320313,"210.146.64.4","81.131.67.131","TCP",1514,49641,1,6432,1460
270,13.320313,"81.131.67.131","210.146.64.4","TCP",54,1,51101,8760,0
272,13.34668,"213.19.160.190","81.131.67.131","TCP",54,1,283,6432,0
273,13.41211,"213.19.160.190","81.131.67.131","TCP",407,1,283,6432,353
274,13.41211,"68.34.169.230","81.131.67.131","TCP",93,85,25,64261,39
275,13.552735,"81.131.67.131","68.34.169.230","TCP",54,25,124,8506,0
276,13.556641,"81.131.67.131","213.19.160.190","TCP",54,283,354,8407,0
277,13.683594,"210.146.64.4","81.131.67.131","TCP",1514,51101,1,6432,1460
278,13.683594,"81.131.67.131","210.146.64.4","TCP",54,1,52561,8760,0
281,13.839844,"38.115.4.204","81.131.67.131","TCP",594,2763,454,64158,540
283,13.871094,"81.131.67.131","38.115.4.204","TCP",62,454,3303,7700,8
284,13.996094,"81.131.67.131","142.68.189.57","TCP",54,1,278,8705,0
285,14.121094,"210.146.64.4","81.131.67.131","TCP",1514,52561,1,6432,1460
286,14.121094,"81.131.67.131","210.146.64.4","TCP",54,1,54021,8760,0
290,14.402344,"38.115.4.204","81.131.67.131","TCP",1335,3303,454,64158,1281
291,14.402344,"81.131.67.131","38.115.4.204","TCP",54,462,4584,8760,0
292,14.667969,"213.19.160.190","81.131.67.131","TCP",1514,354,283,6432,1460
293,14.667969,"81.131.67.131","213.19.160.190","TCP",54,283,1814,8760,0
294,14.964844,"211.28.6.30","81.131.67.131","TCP",1514,5925,1,7465,1460
295,14.964844,"81.131.67.131","211.28.6.30","TCP",54,1,7385,8760,0
297,15.273438,"210.146.64.4","81.131.67.131","TCP",1514,54021,1,6432,1460
298,15.273438,"81.131.67.131","210.146.64.4","TCP",54,1,55481,8760,0
300,15.299805,"81.131.67.131","212.195.108.125","TCP",74,444,1,9465,0
303,15.588868,"210.146.64.4","81.131.67.131","TCP",1514,55481,1,6432,1460
304,15.588868,"81.131.67.131","210.146.64.4","TCP",54,1,56941,8760,0
305,15.860352,"210.146.64.4","81.131.67.131","TCP",1514,56941,1,6432,1460
306,15.860352,"81.131.67.131","210.146.64.4","TCP",54,1,58401,8760,0
307,16.094727,"212.195.108.125","81.131.67.131","TCP",1280,1,444,15874,1226
308,16.094727,"81.131.67.131","212.195.108.125","TCP",54,444,1227,9940,0
309,16.110352,"81.131.67.131","212.195.108.125","TCP",63,444,1227,9940,9
315,16.219727,"213.19.160.190","81.131.67.131","TCP",483,3274,283,6432,429
316,16.219727,"81.131.67.131","213.19.160.190","TCP",66,283,1814,8760,0
317,16.250977,"81.131.67.131","210.146.64.4","TCP",54,1,58401,8760,0
318,16.344727,"81.131.67.131","70.27.127.185","TCP",54,1,209,7982,0
329,16.516602,"213.19.160.190","81.131.67.131","TCP",1514,1814,283,6432,1460
331,16.532227,"81.131.67.131","213.19.160.190","TCP",54,283,3703,6871,0
332,16.547852,"81.131.67.131","213.19.160.190","TCP",54,283,3703,8760,0
335,16.797852,"210.146.64.4","81.131.67.131","TCP",1514,58401,1,6432,1460
336,16.797852,"81.131.67.131","210.146.64.4","TCP",54,2,0,0
337,16.813477,"68.34.169.230","81.131.67.131","TCP",91,124,25,64261,37
342,16.891602,"81.131.67.131","68.34.169.230","TCP",54,25,161,8469,0
343,17.110352,"81.131.67.131","38.115.4.204","TCP",70,454,4584,8760,16
344,17.125977,"210.146.64.4","81.131.67.131","TCP",1514,59861,1,6432,1460
345,17.125977,"81.131.67.131","210.146.64.4","TCP",54,1,0,0
346,17.188477,"38.115.4.204","81.131.67.131","TCP",300,4584,462,64150,246
351,17.329102,"81.131.67.131","38.115.4.204","TCP",54,470,4830,8514,0
359,17.500977,"210.146.64.4","81.131.67.131","TCP",1514,61321,1,6432,1460
365,17.547852,"81.131.67.131","210.146.64.4","TCP",54,1,0,0
368,17.625977,"38.115.4.204","81.131.67.131","TCP",582,4830,462,64150,528
369,17.766602,"81.131.67.131","38.115.4.204","TCP",54,470,5358,7986,0
370,17.875977,"81.131.67.131","24.11.146.28","TCP",474,9,319,9612,420
371,17.907227,"210.146.64.4","81.131.67.131","TCP",1514,62781,1,6432,1460
372,17.907227,"81.131.67.131","210.146.64.4","TCP",54,1,0,0
373,18.110352,"81.131.67.131","210.146.64.4","TCP",62,0,8760,0,1460
374,18.188477,"210.146.64.4","81.131.67.131","TCP",1514,64241,1,6432,1460
375,18.188477,"81.131.67.131","210.146.64.4","TCP",54,1,0,0
377,18.485352,"211.28.6.30","81.131.67.131","TCP",1514,7385,1,7465,1460
378,18.485352,"81.131.67.131","211.28.6.30","TCP",54,1,8845,8760,0
379,18.766602,"210.146.64.4","81.131.67.131","TCP",1514,65701,1,6432,1460
380,18.766602,"81.131.67.131","210.146.64.4","TCP",54,1,0,0
385,18.969727,"81.131.67.131","70.27.127.185","TCP",54,1,255,7936,0
386,18.969727,"81.131.67.131","212.195.108.125","TCP",54,453,1389,9778,0
387,19.125977,"211.28.6.30","81.131.67.131","TCP",1514,8845,1,7465,1460
388,19.125977,"210.146.64.4","81.131.67.131","TCP",54,67161,2,6432,0
389,19.125977,"81.131.67.131","210.146.64.4","TCP",54,2,0,0
391,19.163086,"81.131.67.131","211.28.6.30","TCP",54,1,10305,8760,0
393,19.176758,"212.195.108.125","81.131.67.131","TCP",54,1389,453,15865,0
395,19.176758,"81.131.67.131","212.195.108.125","TCP",62,453,1389,9778,8
397,19.215821,"2001:638:902:1:201:2ff:fee2:7596","2002:5183:4383::5183:4383","TCP",114,0,32768,0,1440
398,19.215821,"2002:5183:4383::5183:4383","2001:638:902:1:201:2ff:fee2:7596","TCP",98,0,1,17080,0
399,19.215821,"68.34.169.230","81.131.67.131","TCP",87,161,25,64261,33
401,19.242188,"2001:638:902:1:201:2ff:fee2:7596","2002:5183:4383::5183:4383","TCP",94,143,162,33120,0
402,19.34668,"38.115.4.204","81.131.67.131","TCP",447,5358,470,64142,393
403,19.347657,"81.131.67.131","38.115.4.204","TCP",62,470,5751,7593,8
404,19.347657,"142.68.189.57","81.131.67.131","TCP",75,330,25,16870,21
409,19.360352,"81.131.67.131","142.68.189.57","TCP",54,25,351,10080,0
410,19.38086,"81.131.67.131","68.34.169.230","TCP",54,25,194,8436,0
413,19.386719,"38.115.4.204","81.131.67.131","TCP",104,5751,470,64142,50
414,19.386719,"81.131.67.131","38.115.4.204","TCP",62,478,5801,7543,8
417,19.425782,"210.146.64.4","81.131.67.131","TCP",62,0,1,5840,0
418,19.425782,"81.131.67.131","210.146.64.4","TCP",54,1,1,8760,0
422,19.517578,"213.19.160.190","81.131.67.131","TCP",54,3703,283,6432,0
428,19.570313,"2001:638:902:1:201:2ff:fee2:7596","2002:5183:4383::5183:4383","TCP",94,1,1,33120,0
433,19.609375,"2001:638:902:1:201:2ff:fee2:7596","2002:5183:4383::5183:4383","TCP",94,1,1,33120,0
439,19.673828,"81.131.67.131","70.27.127.185","TCP",54,1,281,7910,0
440,19.689453,"81.131.67.131","213.19.160.190","TCP",54,283,3704,8760,0
441,19.798828,"2002:5183:4383::5183:4383","2001:638:902:1:201:2ff:fee2:7596","TCP",94,1,2,17080,0
442,19.798828,"2002:5183:4383::5183:4383","2001:638:902:1:201:2ff:fee2:7596","TCP",94,162,198,17025,0
443,19.814453,"2002:5183:4383::5183:4383","2001:638:902:1:201:2ff:fee2:7596","TCP",94,1,2,17080,0
444,20.080078,"211.28.6.30","81.131.67.131","TCP",1514,10305,1,7465,1460
446,20.080078,"81.131.67.131","211.28.6.30","TCP",54,1,11765,8760,0
447,20.142578,"38.115.4.204","81.131.67.131","TCP",318,5801,478,64134,264
448,20.142578,"81.131.67.131","38.115.4.204","TCP",62,486,6065,7279,8
449,20.142578,"212.195.108.125","81.131.67.131","TCP",54,1734,461,15857,0
450,20.158203,"81.131.67.131","38.115.4.204","TCP",54,494,6065,8760,0
452,20.173828,"210.146.64.4","81.131.67.131","TCP",54,1,332,6432,0
453,20.236328,"81.131.67.131","142.68.189.57","TCP",54,25,384,10047,0
454,20.455078,"210.146.64.4","81.131.67.131","TCP",1514,1,332,6432,1460
455,20.455078,"81.131.67.131","210.146.64.4","TCP",54,332,1461,8760,0
468,20.751953,"210.146.64.4","81.131.67.131","TCP",1514,1461,332,6432,1460
469,20.751953,"81.131.67.131","210.146.64.4","TCP",54,332,2921,8760,0
471,20.798828,"2001:638:902:1:201:2ff:fee2:7596","2002:5183:4383::5183:4383","TCP",94,2,2,33120,0
472,20.814453,"38.115.4.204","81.131.67.131","TCP",152,6065,478,64134,98
473,20.814453,"81.131.67.131","38.115.4.204","TCP",62,494,6163,8662,8
476,20.892578,"81.131.67.131","142.68.189.57","TCP",54,25,413,10018,0
477,20.892578,"2002:5183:4383::5183:4383","2001:638:902:1:201:2ff:fee2:7596","TCP",94,162,222,17001,0
478,21.283203,"210.146.64.4","81.131.67.131","TCP",1514,2921,332,6432,1460
479,21.283203,"81.131.67.131","210.146.64.4","TCP",54,332,4381,8760,0
481,21.580078,"210.146.64.4","81.131.67.131","TCP",1514,4381,332,6432,1460
482,21.580078,"81.131.67.131","210.146.64.4","TCP",54,332,5841,8760,0
483,21.861328,"211.28.6.30","81.131.67.131","TCP",1514,11765,1,7465,1460
484,21.861328,"81.131.67.131","211.28.6.30","TCP",54,1,13225,8760,0
485,22.142578,"210.146.64.4","81.131.67.131","TCP",1514,5841,332,6432,1460
486,22.142578,"81.131.67.131","210.146.64.4","TCP",54,332,7301,8760,0
487,22.439453,"210.146.64.4","81.131.67.131","TCP",1514,7301,332,6432,1460
488,22.439453,"81.131.67.131","210.146.64.4","TCP",54,332,8761,8760,0
492,22.720703,"210.146.64.4","81.131.67.131","TCP",1514,8761,332,6432,1460
500,22.814453,"81.131.67.131","210.146.64.4","TCP",54,332,10221,8760,0
501,23.017578,"210.146.64.4","81.131.67.131","TCP",1514,10221,332,6432,1460
503,23.017578,"81.131.67.131","210.146.64.4","TCP",54,332,11681,8760,0
508,23.330078,"210.146.64.4","81.131.67.131","TCP",1514,11681,332,6432,1460
509,23.330078,"81.131.67.131","210.146.64.4","TCP",54,332,13141,8760,0
510,23.626953,"210.146.64.4","81.131.67.131","TCP",1514,13141,332,6432,1460
511,23.626953,"81.131.67.131","210.146.64.4","TCP",54,332,14601,8760,0
518,23.892578,"210.146.64.4","81.131.67.131","TCP",1514,14601,332,6432,1460
526,23.986328,"81.131.67.131","210.146.64.4","TCP",54,332,16061,8760,0
527,24.189453,"210.146.64.4","81.131.67.131","TCP",1514,16061,332,6432,1460
529,24.189453,"81.131.67.131","210.146.64.4","TCP",54,332,17521,8760,0
531,24.392578,"81.131.67.131","70.27.127.185","TCP",54,1,318,7873,0
532,24.392578,"81.131.67.131","142.68.189.57","TCP",54,25,446,9985,0
533,24.501953,"210.146.64.4","81.131.67.131","TCP",1514,17521,332,6432,1460
534,24.501953,"81.131.67.131","210.146.64.4","TCP",54,332,18981,8760,0
535,24.783203,"210.146.64.4","81.131.67.131","TCP",1514,18981,332,6432,1460
536,24.783203,"68.34.169.230","81.131.67.131","TCP",91,194,25,64261,37
537,24.783203,"81.131.67.131","210.146.64.4","TCP",54,332,20441,8760,0
539,24.939453,"81.131.67.131","68.34.169.230","TCP",54,25,231,8399,0
540,25.080078,"210.146.64.4","81.131.67.131","TCP",1514,20441,332,6432,1460
541,25.080078,"81.131.67.131","210.146.64.4","TCP",54,332,21901,8760,0
545,25.158203,"81.131.67.131","38.115.4.204","TCP",94,478,6163,8662,40
546,25.423828,"210.146.64.4","81.131.67.131","TCP",1514,21901,332,6432,1460
547,25.423828,"81.131.67.131","210.146.64.4","TCP",54,332,23361,8760,0
548,25.673828,"210.146.64.4","81.131.67.131","TCP",1514,23361,332,6432,1460
549,25.673828,"81.131.67.131","210.146.64.4","TCP",54,332,24821,8760,0
561,26.001953,"210.146.64.4","81.131.67.131","TCP",1514,24821,332,6432,1460
563,26.017578,"81.131.67.131","210.146.64.4","TCP",54,332,26281,8760,0
564,26.283203,"211.28.6.30","81.131.67.131","TCP",1514,13225,1,7465,1460
565,26.283203,"81.131.67.131","211.28.6.30","TCP",54,1,14685,8760,0
566,26.580078,"210.146.64.4","81.131.67.131","TCP",1514,26281,332,6432,1460
567,26.580078,"81.131.67.131","210.146.64.4","TCP",54,332,27741,8760,0
568,26.845703,"211.28.6.30","81.131.67.131","TCP",1514,14685,1,7465,1460
569,26.845703,"81.131.67.131","211.28.6.30","TCP",54,1,16145,8760,0
582,27.080078,"81.131.67.131","212.195.108.125","TCP",62,461,1389,9778,8
583,27.142578,"210.146.64.4","81.131.67.131","TCP",1514,27741,332,6432,1460
584,27.142578,"81.131.67.131","210.146.64.4","TCP",54,332,29201,8760,0
585,27.158203,"68.34.169.230","81.131.67.131","TCP",96,231,25,64261,42
593,27.345703,"81.131.67.131","68.34.169.230","TCP",54,25,273,8357,0
594,27.455078,"81.131.67.131","142.68.189.57","TCP",54,25,479,9952,0
595,27.564453,"38.115.4.204","81.131.67.131","TCP",1482,6163,518,64094,1428
596,27.564453,"81.131.67.131","38.115.4.204","TCP",54,518,7591,8760,0
597,27.580078,"81.131.67.131","38.115.4.204","TCP",63,518,7591,8760,9
598,27.845703,"81.131.67.131","213.19.160.190","TCP",54,283,0,0
599,27.845703,"81.131.67.131","213.19.160.190","TCP",62,0,8760,0,1460
600,27.861328,"210.146.64.4","81.131.67.131","TCP",1514,29201,332,6432,1460
602,27.861328,"81.131.67.131","210.146.64.4","TCP",54,332,30661,8760,0
608,28.111328,"211.28.6.30","81.131.67.131","TCP",1318,16145,1,7465,1264
609,28.330078,"81.131.67.131","211.28.6.30","TCP",54,1,17409,7496,0
610,28.392578,"210.146.64.4","81.131.67.131","TCP",1514,30661,332,6432,1460
611,28.392578,"81.131.67.131","210.146.64.4","TCP",54,332,32121,8760,0
612,28.689453,"211.28.6.30","81.131.67.131","TCP",1514,17409,1,7465,1460
613,28.689453,"81.131.67.131","211.28.6.30","TCP",54,1,18869,8760,0
614,28.984375,"210.146.64.4","81.131.67.131","TCP",1514,32121,332,6432,1460
615,28.984375,"81.131.67.131","210.146.64.4","TCP",54,332,33581,8760,0
619,29.273438,"211.28.6.30","81.131.67.131","TCP",1514,18869,1,7465,1460
620,29.273438,"81.131.67.131","211.28.6.30","TCP",54,1,20329,8760,0
621,29.325196,"211.28.6.30","81.131.67.131","TCP",206,20329,1,7465,152
622,29.462891,"81.131.67.131","211.28.6.30","TCP",54,1,20481,8608,0
623,29.611328,"210.146.64.4","81.131.67.131","TCP",1514,33581,332,6432,1460
624,29.611328,"81.131.67.131","210.146.64.4","TCP",54,332,35041,8760,0
625,29.892578,"210.146.64.4","81.131.67.131","TCP",1514,35041,332,6432,1460
627,29.892578,"81.131.67.131","210.146.64.4","TCP",54,332,36501,8760,0
628,29.923828,"68.34.169.230","81.131.67.131","TCP",96,273,25,64261,42
629,30.111328,"81.131.67.131","68.34.169.230","TCP",54,25,315,8315,0
630,30.205078,"210.146.64.4","81.131.67.131","TCP",1514,36501,332,6432,1460
631,30.205078,"81.131.67.131","210.146.64.4","TCP",54,332,37961,8760,0
636,30.251953,"81.131.67.131","212.195.108.125","TCP",66,469,1389,9778,0
638,30.376953,"38.115.4.204","81.131.67.131","TCP",609,7591,518,64094,555
640,30.376953,"213.19.160.190","81.131.67.131","TCP",62,0,1,5840,0
641,30.376953,"81.131.67.131","213.19.160.190","TCP",54,1,1,8760,0
642,30.392578,"38.115.4.204","81.131.67.131","TCP",54,8146,527,64085,0
644,30.408203,"81.131.67.131","38.115.4.204","TCP",62,527,8146,8205,8
646,30.689453,"210.146.64.4","81.131.67.131","TCP",1514,37961,332,6432,1460
648,30.705078,"81.131.67.131","210.146.64.4","TCP",54,332,39421,8760,0
649,30.970703,"210.146.64.4","81.131.67.131","TCP",1514,39421,332,6432,1460
650,30.970703,"81.131.67.131","210.146.64.4","TCP",54,332,40881,8760,0
654,31.095703,"81.131.67.131","142.68.189.57","TCP",54,25,517,9914,0
655,31.220703,"211.28.6.30","81.131.67.131","TCP",1078,20481,1,7465,1024
664,31.454102,"81.131.67.131","211.28.6.30","TCP",54,1,21505,7584,0
665,31.533203,"210.146.64.4","81.131.67.131","TCP",1514,40881,332,6432,1460
666,31.533203,"81.131.67.131","210.146.64.4","TCP",54,332,42341,8760,0
667,31.8125,"210.146.64.4","81.131.67.131","TCP",1514,42341,332,6432,1460
668,31.8125,"81.131.67.131","210.146.64.4","TCP",54,332,43801,8760,0
669,32.078125,"210.146.64.4","81.131.67.131","TCP",1514,43801,332,6432,1460
670,32.078125,"81.131.67.131","210.146.64.4","TCP",54,332,45261,8760,0
673,32.375,"210.146.64.4","81.131.67.131","TCP",1514,45261,332,6432,1460
674,32.375,"213.19.160.190","81.131.67.131","TCP",54,1,283,6432,0
675,32.390625,"81.131.67.131","210.146.64.4","TCP",54,332,46721,8760,0
676,32.453125,"213.19.160.190","81.131.67.131","TCP",407,1,283,6432,353
678,32.59375,"81.131.67.131","213.19.160.190","TCP",54,283,354,8407,0
679,32.75,"211.28.6.30","81.131.67.131","TCP",1514,21505,1,7465,1460
680,32.75,"81.131.67.131","211.28.6.30","TCP",54,1,22965,8760,0
681,33.056641,"38.115.4.204","81.131.67.131","TCP",1432,8146,535,64077,1378
682,33.056641,"81.131.67.131","38.115.4.204","TCP",54,535,9524,8760,0
683,33.069336,"81.131.67.131","38.115.4.204","TCP",62,535,9524,8760,8
684,33.174805,"211.28.6.30","81.131.67.131","TCP",642,22965,1,7465,588
685,33.306641,"81.131.67.131","211.28.6.30","TCP",54,1,23553,8172,0
686,33.462891,"213.19.160.190","81.131.67.131","TCP",1514,354,283,6432,1460
687,33.462891,"81.131.67.131","213.19.160.190","TCP",54,283,1814,8760,0
691,33.608399,"81.131.67.131","142.68.189.57","TCP",54,25,588,9843,0
692,33.766602,"210.146.64.4","81.131.67.131","TCP",1514,46721,332,6432,1460
693,33.766602,"81.131.67.131","210.146.64.4","TCP",54,332,48181,8760,0
694,34.032227,"210.146.64.4","81.131.67.131","TCP",1514,48181,332,6432,1460
695,34.032227,"81.131.67.131","210.146.64.4","TCP",54,332,49641,8760,0
702,34.360352,"210.146.64.4","81.131.67.131","TCP",1514,49641,332,6432,1460
704,34.360352,"81.131.67.131","210.146.64.4","TCP",54,332,51101,8760,0
707,34.657227,"210.146.64.4","81.131.67.131","TCP",1514,51101,332,6432,1460
708,34.657227,"81.131.67.131","210.146.64.4","TCP",54,332,52561,8760,0
709,34.938477,"210.146.64.4","81.131.67.131","TCP",1514,52561,332,6432,1460
710,34.938477,"81.131.67.131","210.146.64.4","TCP",54,332,54021,8760,0
711,35.235352,"210.146.64.4","81.131.67.131","TCP",1514,54021,332,6432,1460
712,35.235352,"81.131.67.131","210.146.64.4","TCP",54,332,55481,8760,0
713,35.329102,"213.19.160.190","81.131.67.131","TCP",483,3274,283,6432,429
714,35.329102,"81.131.67.131","213.19.160.190","TCP",66,283,1814,8760,0
721,35.625977,"213.19.160.190","81.131.67.131","TCP",1514,1814,283,6432,1460
728,35.704102,"81.131.67.131","213.19.160.190","TCP",54,283,3703,6871,0
729,35.719727,"81.131.67.131","213.19.160.190","TCP",54,283,3703,8760,0
730,35.813477,"211.28.6.30","81.131.67.131","TCP",1078,23553,1,7465,1024
731,35.813477,"81.131.67.131","211.28.6.30","TCP",54,1,24577,8760,0
732,35.954102,"38.115.4.204","81.131.67.131","TCP",724,9524,535,64077,670
734,36.125977,"81.131.67.131","38.115.4.204","TCP",54,543,10194,8090,0
735,36.141602,"211.28.6.30","81.131.67.131","TCP",1078,24577,1,7465,1024
736,36.172852,"38.115.4.204","81.131.67.131","TCP",54,10194,543,65535,0
737,36.172852,"81.131.67.131","38.115.4.204","TCP",62,543,10194,8090,8
738,36.172852,"68.34.169.230","81.131.67.131","TCP",88,315,25,64261,34
741,36.344727,"81.131.67.131","68.34.169.230","TCP",54,25,349,8281,0
742,36.344727,"81.131.67.131","211.28.6.30","TCP",54,1,25601,7736,0
743,36.485352,"211.28.6.30","81.131.67.131","TCP",1514,25601,1,7465,1460
745,36.485352,"81.131.67.131","211.28.6.30","TCP",54,1,27061,8760,0
746,36.610352,"211.28.6.30","81.131.67.131","TCP",642,27061,1,7465,588
747,36.664063,"81.131.67.131","142.68.189.57","TCP",54,25,622,9809,0
749,36.764649,"81.131.67.131","211.28.6.30","TCP",54,1,27649,8172,0
750,36.917969,"210.146.64.4","81.131.67.131","TCP",1514,55481,332,6432,1460
751,36.918946,"81.131.67.131","210.146.64.4","TCP",54,332,56941,8760,0
752,37.207032,"210.146.64.4","81.131.67.131","TCP",1514,56941,332,6432,1460
753,37.207032,"81.131.67.131","210.146.64.4","TCP",54,332,58401,8760,0
754,37.416993,"211.28.6.30","81.131.67.131","TCP",1078,27649,1,7465,1024
756,37.417969,"81.131.67.131","211.28.6.30","TCP",54,1,28673,8760,0
758,37.705078,"210.146.64.4","81.131.67.131","TCP",1514,58401,332,6432,1460
760,37.705078,"81.131.67.131","210.146.64.4","TCP",54,332,59861,8760,0
772,37.986328,"210.146.64.4","81.131.67.131","TCP",1514,59861,332,6432,1460
773,37.986328,"81.131.67.131","210.146.64.4","TCP",54,332,61321,8760,0
775,38.220703,"81.131.67.131","70.27.127.185","TCP",54,1,354,7837,0
776,38.298828,"210.146.64.4","81.131.67.131","TCP",1514,61321,332,6432,1460
777,38.298828,"81.131.67.131","210.146.64.4","TCP",54,332,62781,8760,0
778,38.595703,"210.146.64.4","81.131.67.131","TCP",1514,62781,332,6432,1460
779,38.595703,"81.131.67.131","210.146.64.4","TCP",54,332,64241,8760,0
781,38.861328,"38.115.4.204","81.131.67.131","TCP",1468,10194,543,65535,1414
782,38.861328,"81.131.67.131","38.115.4.204","TCP",62,551,11608,6676,8
783,38.861328,"81.131.67.131","38.115.4.204","TCP",54,559,11608,8760,0
786,38.908203,"68.34.169.230","81.131.67.131","TCP",90,349,25,64261,36
788,39.095703,"81.131.67.131","68.34.169.230","TCP",54,25,385,8245,0
789,39.189453,"210.146.64.4","81.131.67.131","TCP",1514,64241,332,6432,1460
791,39.189453,"81.131.67.131","210.146.64.4","TCP",54,332,65701,8760,0
792,39.314453,"81.131.67.131","142.68.189.57","TCP",54,25,662,9769,0
793,39.501953,"211.28.6.30","81.131.67.131","TCP",1514,28673,1,7465,1460
794,39.501953,"81.131.67.131","211.28.6.30","TCP",54,1,30133,8760,0
795,39.78125,"210.146.64.4","81.131.67.131","TCP",1514,65701,332,6432,1460
796,39.78125,"81.131.67.131","210.146.64.4","TCP",54,332,67161,8760,0
807,39.921875,"211.28.6.30","81.131.67.131","TCP",642,30133,1,7465,588
812,40.078125,"81.131.67.131","211.28.6.30","TCP",54,1,30721,8172,0
813,40.203125,"210.146.64.4","81.131.67.131","TCP",1514,67161,332,6432,1460
814,40.203125,"81.131.67.131","210.146.64.4","TCP",54,332,68621,8760,0
818,40.265625,"213.19.160.190","81.131.67.131","TCP",54,3703,283,6432,0
819,40.265625,"81.131.67.131","213.19.160.190","TCP",54,283,3704,8760,0
823,40.546875,"210.146.64.4","81.131.67.131","TCP",1514,68621,332,6432,1460
824,40.546875,"81.131.67.131","210.146.64.4","TCP",54,332,70081,8760,0
825,40.84375,"210.146.64.4","81.131.67.131","TCP",1514,70081,332,6432,1460
826,40.84375,"81.131.67.131","210.146.64.4","TCP",54,332,71541,8760,0
829,41.125,"210.146.64.4","81.131.67.131","TCP",1514,71541,332,6432,1460
830,41.125,"81.131.67.131","210.146.64.4","TCP",54,332,73001,8760,0
832,41.15625,"38.115.4.204","81.131.67.131","TCP",66,11608,543,65535,0
833,41.15625,"81.131.67.131","38.115.4.204","TCP",62,559,11608,8760,8
835,41.296875,"38.115.4.204","81.131.67.131","TCP",696,11608,543,65535,642
836,41.390625,"81.131.67.131","38.115.4.204","TCP",54,567,12250,8118,0
837,41.578125,"210.146.64.4","81.131.67.131","TCP",1514,73001,332,6432,1460
840,41.59375,"81.131.67.131","210.146.64.4","TCP",54,332,74461,8760,0
841,41.875,"210.146.64.4","81.131.67.131","TCP",1514,74461,332,6432,1460
842,41.875,"81.131.67.131","210.146.64.4","TCP",54,332,75921,8760,0
845,42.015625,"81.131.67.131","65.223.109.8","TCP",62,0,8760,0,1460
846,42.046875,"81.131.67.131","70.27.127.185","TCP",54,26,451,7740,0
857,42.171875,"210.146.64.4","81.131.67.131","TCP",1514,75921,332,6432,1460
858,42.171875,"81.131.67.131","38.115.4.204","TCP",86,543,12250,8118,32
860,42.203125,"81.131.67.131","210.146.64.4","TCP",54,332,77381,8760,0
862,42.234375,"81.131.67.131","212.195.108.125","TCP",62,469,1389,9778,8
863,42.46875,"211.28.6.30","81.131.67.131","TCP",1514,30721,1,7465,1460
864,42.46875,"81.131.67.131","211.28.6.30","TCP",54,1,32181,8760,0
865,42.484375,"81.131.67.131","24.11.146.28","TCP",482,9,319,9612,428
866,42.578125,"211.28.6.30","81.131.67.131","TCP",642,32181,1,7465,588
867,42.59375,"81.131.67.131","211.28.6.30","TCP",54,1,32769,8172,0
868,42.875,"210.146.64.4","81.131.67.131","TCP",1514,78841,332,6432,1460
869,42.875,"81.131.67.131","210.146.64.4","TCP",66,332,77381,8760,0
870,43.09375,"211.28.6.30","81.131.67.131","TCP",1078,32769,1,7465,1024
871,43.09375,"81.131.67.131","211.28.6.30","TCP",54,1,33793,8760,0
873,43.157227,"38.115.4.204","81.131.67.131","TCP",66,12250,543,65535,0
878,43.208985,"38.115.4.204","81.131.67.131","TCP",346,12250,543,65535,292
882,43.333008,"81.131.67.131","38.115.4.204","TCP",54,575,12542,7826,0
883,43.498047,"210.146.64.4","81.131.67.131","TCP",1514,80301,332,6432,1460
884,43.498047,"81.131.67.131","210.146.64.4","TCP",66,332,77381,8760,0
885,43.81543,"211.28.6.30","81.131.67.131","TCP",1514,33793,1,7465,1460
886,43.81543,"81.131.67.131","211.28.6.30","TCP",54,1,35253,8760,0
887,44.09668,"210.146.64.4","81.131.67.131","TCP",1514,81761,332,6432,1460
888,44.09668,"81.131.67.131","210.146.64.4","TCP",66,332,77381,8760,0
899,44.393555,"210.146.64.4","81.131.67.131","TCP",1514,83221,332,6432,1460
900,44.393555,"81.131.67.131","210.146.64.4","TCP",66,332,77381,8760,0
901,44.393555,"65.223.109.8","81.131.67.131","TCP",62,0,1,5840,0
902,44.393555,"81.131.67.131","65.223.109.8","TCP",54,1,1,8760,0
904,44.674805,"211.28.6.30","81.131.67.131","TCP",1514,35253,1,7465,1460
905,44.674805,"81.131.67.131","211.28.6.30","TCP",54,1,36713,8760,0
906,44.710938,"68.34.169.230","81.131.67.131","TCP",81,385,25,64261,27
907,44.737305,"211.28.6.30","81.131.67.131","TCP",206,36713,1,7465,152
910,44.829102,"81.131.67.131","68.34.169.230","TCP",54,25,412,8218,0
911,44.842774,"38.115.4.204","81.131.67.131","TCP",449,12542,575,65503,395
912,44.842774,"81.131.67.131","38.115.4.204","TCP",62,575,12937,7431,8
913,44.929688,"81.131.67.131","211.28.6.30","TCP",54,1,36865,8608,0
914,45.118164,"210.146.64.4","81.131.67.131","TCP",1514,84681,332,6432,1460
915,45.118164,"81.131.67.131","210.146.64.4","TCP",66,332,77381,8760,0
917,45.197266,"24.11.146.28","81.131.67.131","TCP",349,2197,437,64875,295
918,45.197266,"81.131.67.131","24.11.146.28","TCP",66,437,319,9612,0
920,45.222657,"212.195.108.125","81.131.67.131","TCP",54,2809,477,15841,0
928,45.367188,"38.115.4.204","81.131.67.131","TCP",389,12937,575,65503,335
929,45.367188,"81.131.67.131","38.115.4.204","TCP",62,583,13272,7096,8
932,45.38086,"81.131.67.131","38.115.4.204","TCP",54,591,13272,8760,0
938,45.432618,"81.131.67.131","70.27.127.185","TCP",54,26,487,7704,0
939,45.446289,"81.131.67.131","142.68.189.57","TCP",54,25,696,9735,0
940,45.625977,"81.131.67.131","24.11.146.28","TCP",62,437,319,9612,8
941,45.672852,"210.146.64.4","81.131.67.131","TCP",1514,77381,332,6432,1460
942,45.672852,"81.131.67.131","210.146.64.4","TCP",54,332,86141,0,0
943,45.688477,"81.131.67.131","210.146.64.4","TCP",54,332,86141,3760,0
944,45.704102,"81.131.67.131","210.146.64.4","TCP",54,332,86141,8760,0
949,45.969727,"211.28.6.30","81.131.67.131","TCP",1078,36865,1,7465,1024
950,45.969727,"65.223.109.8","81.131.67.131","TCP",54,1,345,6432,0
952,46.047852,"81.131.57.207","81.131.67.131","TCP",62,0,8760,0,1460
953,46.047852,"81.131.67.131","81.131.57.207","TCP",54,1,1,0,0
955,46.079102,"38.115.4.204","81.131.67.131","TCP",133,13272,583,65495,79
956,46.079102,"81.131.67.131","38.115.4.204","TCP",62,591,13351,8681,8
957,46.094727,"2001:638:902:1:201:2ff:fee2:7596","2002:5183:4383::5183:4383","TCP",114,0,32768,0,1440
959,46.094727,"81.131.67.131","65.223.109.8","TCP",62,0,8760,0,1460
960,46.110352,"2002:5183:4383::5183:4383","2001:638:902:1:201:2ff:fee2:7596","TCP",98,0,1,17080,0
962,46.141602,"38.115.4.204","81.131.67.131","TCP",153,13351,583,65495,99
963,46.141602,"81.131.67.131","38.115.4.204","TCP",62,599,13450,8582,8
965,46.188477,"81.131.67.131","211.28.6.30","TCP",54,1,37889,7584,0
967,46.188477,"2001:638:902:1:201:2ff:fee2:7596","2002:5183:4383::5183:4383","TCP",94,97,217,33120,0
968,46.297852,"81.131.67.131","70.27.127.185","TCP",54,26,526,7665,0
969,46.297852,"81.131.67.131","142.68.189.57","TCP",54,25,832,9599,0
983,46.532227,"210.146.64.4","81.131.67.131","TCP",1514,86141,332,6432,1460
984,46.532227,"81.131.67.131","210.146.64.4","TCP",54,332,87601,8760,0
985,46.813477,"210.146.64.4","81.131.67.131","TCP",1514,87601,332,6432,1460
986,46.813477,"81.131.67.131","210.146.64.4","TCP",54,332,89061,8760,0
987,46.844727,"2001:638:902:1:201:2ff:fee2:7596","2002:5183:4383::5183:4383","TCP",94,1,1,33120,0
989,46.954102,"81.131.67.131","213.19.160.190","TCP",54,283,0,0
990,46.954102,"81.131.67.131","213.19.160.190","TCP",62,0,8760,0,1460
991,47.063477,"2002:5183:4383::5183:4383","2001:638:902:1:201:2ff:fee2:7596","TCP",94,217,208,16501,0
992,47.125977,"2001:638:902:1:201:2ff:fee2:7596","2002:5183:4383::5183:4383","TCP",1314,1,1,33120,1220
993,47.282227,"2002:5183:4383::5183:4383","2001:638:902:1:201:2ff:fee2:7596","TCP",94,1,1221,17080,0
996,47.391602,"2001:638:902:1:201:2ff:fee2:7596","2002:5183:4383::5183:4383","TCP",1314,1221,1,33120,1220
1007,47.610352,"2002:5183:4383::5183:4383","2001:638:902:1:201:2ff:fee2:7596","TCP",94,1,2441,17080,0
1008,47.657227,"2001:638:902:1:201:2ff:fee2:7596","2002:5183:4383::5183:4383","TCP",1314,2441,1,33120,1220
1009,47.657227,"65.223.109.8","81.131.67.131","TCP",62,0,1,5840,0
1010,47.657227,"81.131.67.131","65.223.109.8","TCP",54,1,1,8760,0
1011,47.657227,"38.115.4.204","81.131.67.131","TCP",66,13450,583,65495,0
1012,47.672852,"81.131.67.131","38.115.4.204","TCP",62,607,13450,8582,8
1013,47.688477,"38.115.4.204","81.131.67.131","TCP",87,13450,583,65495,33
1017,47.750977,"38.115.4.204","81.131.67.131","TCP",66,13483,583,65495,0
1018,47.750977,"81.131.67.131","38.115.4.204","TCP",62,615,13483,8549,8
1023,47.829102,"2002:5183:4383::5183:4383","2001:638:902:1:201:2ff:fee2:7596","TCP",94,1,3661,17080,0
1024,47.938477,"81.131.67.131","142.68.189.57","TCP",54,25,860,9571,0
1025,48.063477,"210.146.64.4","81.131.67.131","TCP",1514,89061,332,6432,1460
1026,48.063477,"81.131.67.131","210.146.64.4","TCP",54,332,90521,8760,0
1027,48.172852,"2002:5183:4383::5183:4383","2001:638:902:1:201:2ff:fee2:7596","TCP",94,162,222,17001,0
1028,48.344727,"210.146.64.4","81.131.67.131","TCP",1514,90521,332,6432,1460
1029,48.344727,"81.131.67.131","210.146.64.4","TCP",54,332,91981,8760,0
1042,48.672852,"211.28.6.30","81.131.67.131","TCP",1514,37889,1,7465,1460
1044,48.672852,"213.19.160.190","81.131.67.131","TCP",62,0,1,5840,0
1045,48.672852,"81.131.67.131","213.19.160.190","TCP",54,1,1,8760,0
1046,48.672852,"81.131.67.131","211.28.6.30","TCP",54,1,39349,8760,0
1049,48.806641,"211.28.6.30","81.131.67.131","TCP",642,39349,1,7465,588
1051,49.00586,"81.131.67.131","211.28.6.30","TCP",54,1,39937,8172,0
1052,49.122071,"210.146.64.4","81.131.67.131","TCP",1514,91981,332,6432,1460
1053,49.122071,"81.131.67.131","210.146.64.4","TCP",54,332,93441,8760,0
1054,49.410157,"210.146.64.4","81.131.67.131","TCP",1514,93441,332,6432,1460
1056,49.411133,"81.131.67.131","210.146.64.4","TCP",54,332,94901,8760,0
1057,49.423828,"68.34.169.230","81.131.67.131","TCP",69,412,25,64261,15
1066,49.609375,"81.131.67.131","68.34.169.230","TCP",54,25,427,8203,0
1067,49.625,"81.131.67.131","70.27.127.185","TCP",54,26,560,7631,0
1068,49.671875,"2001:638:902:1:201:2ff:fee2:7596","2002:5183:4383::5183:4383","TCP",1314,3661,1,33120,1220
1069,49.828125,"2002:5183:4383::5183:4383","2001:638:902:1:201:2ff:fee2:7596","TCP",94,1,4881,17080,0
1070,49.90625,"2001:638:902:1:201:2ff:fee2:7596","2002:5183:4383::5183:4383","TCP",1314,4881,1,33120,1220
1072,50.046875,"2002:5183:4383::5183:4383","2001:638:902:1:201:2ff:fee2:7596","TCP",94,1,6101,17080,0
1073,50.1875,"211.28.6.30","81.131.67.131","TCP",1514,39937,1,7465,1460
1074,50.1875,"81.131.67.131","211.28.6.30","TCP",54,1,41397,8760,0
1075,50.453125,"2001:638:902:1:201:2ff:fee2:7596","2002:5183:4383::5183:4383","TCP",1314,6101,1,33120,1220
1076,50.59375,"81.131.67.131","65.223.109.8","TCP",410,1,1,8760,356
1077,50.59375,"2002:5183:4383::5183:4383","2001:638:902:1:201:2ff:fee2:7596","TCP",94,1,7321,17080,0
1085,50.703125,"2001:638:902:1:201:2ff:fee2:7596","2002:5183:4383::5183:4383","TCP",1314,7321,1,33120,1220
1091,50.8125,"211.28.6.30","81.131.67.131","TCP",642,41397,1,7465,588
1092,50.869141,"38.115.4.204","81.131.67.131","TCP",66,13483,583,65495,0
1093,50.869141,"81.131.67.131","38.115.4.204","TCP",62,583,13483,8549,8
1094,50.869141,"38.115.4.204","81.131.67.131","TCP",126,13483,583,65495,72
1095,50.913086,"2002:5183:4383::5183:4383","2001:638:902:1:201:2ff:fee2:7596","TCP",94,1,8541,17080,0
1096,51.013672,"81.131.67.131","38.115.4.204","TCP",54,623,13555,8477,0
1097,51.026368,"81.131.67.131","211.28.6.30","TCP",54,1,41985,8172,0
1098,51.131836,"2001:638:902:1:201:2ff:fee2:7596","2002:5183:4383::5183:4383","TCP",1314,8541,1,33120,1220
1099,51.31543,"2002:5183:4383::5183:4383","2001:638:902:1:201:2ff:fee2:7596","TCP",94,1,9761,17080,0
1100,51.367188,"2001:638:902:1:201:2ff:fee2:7596","2002:5183:4383::5183:4383","TCP",1314,9761,1,33120,1220
1101,51.393555,"65.223.109.8","81.131.67.131","TCP",54,1,357,6432,0
1106,51.486328,"38.115.4.204","81.131.67.131","TCP",66,13555,583,65495,0
1107,51.486328,"81.131.67.131","38.115.4.204","TCP",62,623,13555,8477,8
1108,51.516602,"2002:5183:4383::5183:4383","2001:638:902:1:201:2ff:fee2:7596","TCP",94,1,10981,17080,0
1109,51.625977,"81.131.67.131","65.223.109.8","TCP",54,1065,698,8063,0
1110,51.625977,"81.131.67.131","65.223.109.8","TCP",54,357,233,8528,0
1111,51.641602,"81.131.67.131","213.19.160.190","TCP",354,1,1,8760,300
1112,51.735352,"38.115.4.204","81.131.67.131","TCP",1128,13555,583,65495,1074
1113,51.735352,"2001:638:902:1:201:2ff:fee2:7596","2002:5183:4383::5183:4383","TCP",94,222,163,33120,0
1124,51.844727,"2002:5183:4383::5183:4383","2001:638:902:1:201:2ff:fee2:7596","TCP",94,163,0,0
1125,51.938477,"211.28.6.30","81.131.67.131","TCP",1078,41985,1,7465,1024
1126,51.938477,"81.131.67.131","211.28.6.30","TCP",54,1,43009,8760,0
1127,51.954102,"81.131.67.131","38.115.4.204","TCP",54,631,14629,7403,0
1128,52.235352,"210.146.64.4","81.131.67.131","TCP",1514,96361,332,6432,1460
1129,52.235352,"81.131.67.131","210.146.64.4","TCP",66,332,94901,8760,0
1131,52.250977,"213.19.160.190","81.131.67.131","TCP",54,1,301,6432,0
1132,52.313477,"213.19.160.190","81.131.67.131","TCP",353,1,301,6432,299
1133,52.391602,"81.131.67.131","213.19.160.190","TCP",54,301,300,8461,0
1134,52.610352,"213.19.160.190","81.131.67.131","TCP",1514,300,301,6432,1460
1136,52.610352,"81.131.67.131","213.19.160.190","TCP",54,301,1760,8760,0
1145,52.891602,"210.146.64.4","81.131.67.131","TCP",1514,97821,332,6432,1460
1152,52.969727,"81.131.67.131","210.146.64.4","TCP",66,332,94901,8760,0
1154,53.188477,"210.146.64.4","81.131.67.131","TCP",1514,99281,332,6432,1460
1155,53.188477,"81.131.67.131","210.146.64.4","TCP",66,332,94901,8760,0
1156,53.469727,"210.146.64.4","81.131.67.131","TCP",1514,100741,332,6432,1460
1157,53.469727,"81.131.67.131","210.146.64.4","TCP",66,332,94901,8760,0
1158,53.500977,"68.34.169.230","81.131.67.131","TCP",91,427,25,64261,37
1159,53.594727,"81.131.67.131","68.34.169.230","TCP",54,25,464,8166,0
1160,53.735352,"2001:638:902:1:201:2ff:fee2:7596","2002:5183:4383::5183:4383","TCP",1314,10981,1,33120,1220
1161,53.922852,"2002:5183:4383::5183:4383","2001:638:902:1:201:2ff:fee2:7596","TCP",94,1,12201,17080,0
1167,53.985352,"2001:638:902:1:201:2ff:fee2:7596","2002:5183:4383::5183:4383","TCP",1314,12201,1,33120,1220
1179,54.141602,"2002:5183:4383::5183:4383","2001:638:902:1:201:2ff:fee2:7596","TCP",94,1,13421,17080,0
1180,54.282227,"2001:638:902:1:201:2ff:fee2:7596","2002:5183:4383::5183:4383","TCP",1314,13421,1,33120,1220
1181,54.469727,"2002:5183:4383::5183:4383","2001:638:902:1:201:2ff:fee2:7596","TCP",94,1,14641,17080,0
1182,54.532227,"2001:638:902:1:201:2ff:fee2:7596","2002:5183:4383::5183:4383","TCP",1314,14641,1,33120,1220
1183,54.688477,"2002:5183:4383::5183:4383","2001:638:902:1:201:2ff:fee2:7596","TCP",94,1,15861,17080,0
1184,54.719727,"211.28.6.30","81.131.67.131","TCP",1078,43009,1,7465,1024
1185,54.789063,"81.131.67.131","211.28.6.30","TCP",54,1,44033,7736,0
1186,54.941407,"211.28.6.30","81.131.67.131","TCP",1078,44033,1,7465,1024
1187,54.941407,"81.131.67.131","211.28.6.30","TCP",54,1,45057,8760,0
1193,55.204102,"2001:638:902:1:201:2ff:fee2:7596","2002:5183:4383::5183:4383","TCP",1314,15861,1,33120,1220
1201,55.392578,"2002:5183:4383::5183:4383","2001:638:902:1:201:2ff:fee2:7596","TCP",94,1,17081,17080,0
1202,55.44043,"2001:638:902:1:201:2ff:fee2:7596","2002:5183:4383::5183:4383","TCP",1314,17081,1,33120,1220
1203,55.465821,"65.223.109.8","81.131.67.131","TCP",66,233,357,6432,0
1206,55.59375,"2002:5183:4383::5183:4383","2001:638:902:1:201:2ff:fee2:7596","TCP",94,1,18301,17080,0
1207,55.705078,"2001:638:902:1:201:2ff:fee2:7596","2002:5183:4383::5183:4383","TCP",1314,18301,1,33120,1220
1208,55.923828,"2002:5183:4383::5183:4383","2001:638:902:1:201:2ff:fee2:7596","TCP",94,1,19521,17080,0
1209,55.970703,"2001:638:902:1:201:2ff:fee2:7596","2002:5183:4383::5183:4383","TCP",1314,19521,1,33120,1220
1210,56.142578,"81.131.67.131","24.11.146.28","TCP",62,437,319,9612,8
1211,56.142578,"2002:5183:4383::5183:4383","2001:638:902:1:201:2ff:fee2:7596","TCP",94,1,20741,17080,0
1216,56.205078,"2001:638:902:1:201:2ff:fee2:7596","2002:5183:4383::5183:4383","TCP",1314,20741,1,33120,1220
1222,56.267578,"38.115.4.204","81.131.67.131","TCP",370,15332,631,65447,316
1223,56.267578,"213.19.160.190","81.131.67.131","TCP",66,1760,301,6432,0
1224,56.267578,"81.131.67.131","38.115.4.204","TCP",66,631,14629,7403,0
1225,56.283203,"81.131.67.131","38.115.4.204","TCP",62,631,14629,7403,8
1226,56.345703,"213.19.160.190","81.131.67.131","TCP",353,1,301,6432,299
1227,56.345703,"81.131.67.131","213.19.160.190","TCP",54,301,1760,8760,0
1229,56.361328,"2002:5183:4383::5183:4383","2001:638:902:1:201:2ff:fee2:7596","TCP",94,1,21961,17080,0
1231,56.642578,"210.146.64.4","81.131.67.131","TCP",1514,102201,332,6432,1460
1232,56.642578,"81.131.67.131","210.146.64.4","TCP",66,332,94901,8760,0
1233,56.751953,"213.19.160.190","81.131.67.131","TCP",584,3220,301,6432,530
1234,56.751953,"81.131.67.131","213.19.160.190","TCP",66,301,1760,8760,0
1238,57.048828,"210.146.64.4","81.131.67.131","TCP",1514,94901,332,6432,1460
1239,57.048828,"81.131.67.131","210.146.64.4","TCP",54,332,103661,0,0
1240,57.064453,"81.131.67.131","210.146.64.4","TCP",54,332,103661,3760,0
1241,57.080078,"68.34.169.230","81.131.67.131","TCP",75,464,25,64261,21
1242,57.080078,"81.131.67.131","210.146.64.4","TCP",54,332,103661,8760,0
1243,57.080078,"81.131.67.131","68.34.169.230","TCP",78,25,485,8145,24
1252,57.314453,"2001:638:902:1:201:2ff:fee2:7596","2002:5183:4383::5183:4383","TCP",1314,25621,1,33120,1220
1254,57.330078,"2002:5183:4383::5183:4383","2001:638:902:1:201:2ff:fee2:7596","TCP",94,1,21961,17080,0
1256,57.392578,"81.131.67.131","212.195.108.125","TCP",62,477,1389,9778,8
1257,57.548828,"2001:638:902:1:201:2ff:fee2:7596","2002:5183:4383::5183:4383","TCP",1314,26841,1,33120,1220
1258,57.548828,"2002:5183:4383::5183:4383","2001:638:902:1:201:2ff:fee2:7596","TCP",94,1,21961,17080,0
1263,57.830078,"2001:638:902:1:201:2ff:fee2:7596","2002:5183:4383::5183:4383","TCP",1314,28061,1,33120,1220
1264,57.830078,"2002:5183:4383::5183:4383","2001:638:902:1:201:2ff:fee2:7596","TCP",94,1,21961,17080,0
1268,58.001953,"81.131.67.131","70.27.127.185","TCP",177,26,626,7565,123
1269,58.064453,"2001:638:902:1:201:2ff:fee2:7596","2002:5183:4383::5183:4383","TCP",1314,29281,1,33120,1220
1270,58.080078,"2002:5183:4383::5183:4383","2001:638:902:1:201:2ff:fee2:7596","TCP",94,1,21961,17080,0
1271,58.095703,"70.27.127.185","81.131.67.131","TCP",54,626,149,65535,0
1272,58.095703,"142.68.189.57","81.131.67.131","TCP",76,860,25,16870,22
1273,58.220703,"81.131.67.131","142.68.189.57","TCP",54,25,882,9549,0
1274,58.330078,"2001:638:902:1:201:2ff:fee2:7596","2002:5183:4383::5183:4383","TCP",1314,30501,1,33120,1220
1275,58.330078,"2002:5183:4383::5183:4383","2001:638:902:1:201:2ff:fee2:7596","TCP",94,1,21961,17080,0
1282,58.642578,"211.28.6.30","81.131.67.131","TCP",1514,45057,1,7465,1460
1283,58.642578,"81.131.67.131","211.28.6.30","TCP",54,1,46517,8760,0
1284,58.934571,"2001:638:902:1:201:2ff:fee2:7596","2002:5183:4383::5183:4383","TCP",1314,31721,1,33120,1220
1285,58.934571,"2002:5183:4383::5183:4383","2001:638:902:1:201:2ff:fee2:7596","TCP",94,1,21961,17080,0
1286,59.052735,"211.28.6.30","81.131.67.131","TCP",642,46517,1,7465,588
